,Age,Gender,Weight (kg),Height (m),Max_BPM,Avg_BPM,Resting_BPM,Session_Duration (hours),Calories_Burned,Workout_Type,Fat_Percentage,Water_Intake (liters),Workout_Frequency (days/week),Experience_Level,BMI
3,54.0,Female,75.3,1.82,187,169.0,58.0,1.45,628.0,Cardio,31.8,2.4,4.0,1.0,20.37
4,34.0,Female,52.8,1.74,177,169.0,66.0,1.6,1286.0,Strength,26.4,3.2,4.0,2.0,20.83
14,19.0,Female,71.7,1.91,197,148.0,74.0,1.15,464.0,Cardio,32.5,2.7,4.0,2.0,19.09
16,23.0,Male,56.2,1.76,195,141.0,55.0,1.45,1195.0,HIIT,23.9,3.2,4.0,1.0,22.61
24,25.0,Male,57.2,1.82,184,140.0,74.0,1.15,888.0,Strength,26.9,2.6,4.0,2.0,15.23
34,51.0,Male,79.2,1.85,178,147.0,51.0,1.52,1355.0,Strength,23.2,2.0,4.0,1.0,18.95
35,52.0,Female,40.0,1.84,\t182,156.0,56.0,1.2,1258.0,Cardio,25.0,2.0,4.0,2.0,12.32
47,42.0,Female,95.5,1.95,168,125.0,72.0,1.91,632.0,HIIT,26.1,2.0,4.0,1.0,12.32
49,35.0,Female,49.7,1.86,161,,62.0,1.12,867.0,Strength,15.2,1.8,4.0,3.0,12.32
51,44.0,Female,63.6,1.78,167,129.0,74.0,1.34,1165.0,Yoga,10.7,3.4,4.0,1.0,15.73
54,36.0,Female,40.0,1.71,178,169.0,69.0,1.3,1519.0,HIIT,27.5,2.7,4.0,1.0,39.74
58,24.0,Male,68.3,1.74,184,161.0,51.0,1.9,566.0,Cardio,27.5,3.5,4.0,,16.26
59,22.0,Female,99.1,1.72,182,169.0,62.0,1.14,1105.0,Yoga,31.4,3.6,4.0,1.0,16.91
65,27.0,Male,52.3,1.75,180,128.0,61.0,1.92,931.0,Strength,15.0,2.5,4.0,2.0,23.23
73,55.0,Female,68.4,1.85,175,150.0,58.0,1.16,1020.0,Cardio,29.2,2.5,4.0,2.0,22.87
74,18.0,Female,56.9,1.77,183,131.0,57.0,1.28,1052.0,Cardio,20.7,3.5,4.0,2.0,18.57
80,26.0,,55.7,1.99,172,142.0,68.0,2.0,1583.0,Strength,18.9,3.2,4.0,1.0,12.32
84,57.0,Female,63.6,1.87,170,158.0,,1.56,840.0,Strength,23.7,3.6,4.0,1.0,12.32
89,41.0,Female,63.7,1.93,195,155.0,61.0,1.18,1064.0,HIIT,21.2,3.4,4.0,1.0,15.76
90,31.0,Female,100.0,1.75,190,169.0,67.0,1.46,1573.0,HIIT,20.8,3.4,4.0,2.0,
93,37.0,Female,72.1,1.83,164,152.0,58.0,1.58,1091.0,Cardio,34.4,3.3,4.0,2.0,16.92
95,22.0,Male,54.3,1.85,165,144.0,53.0,2.0,1740.0,\tCardio,26.6,3.7,4.0,2.0,20.04
97,32.0,Male,56.6,2.0,190,123.0,65.0,1.25,1309.0,HIIT,14.7,3.5,4.0,3.0,17.83
104,32.0,Male,47.2,1.81,187,129.0,,1.19,919.0,HIIT,30.5,1.9,4.0,2.0,31.5
106,49.0,Male,45.0,1.84,190,159.0,53.0,1.3,864.0,HIIT,26.5,1.5,4.0,2.0,17.11
108,54.0,Female,46.1,1.85,187,162.0,63.0,1.35,772.0,Strength,25.7,3.6,4.0,1.0,20.62
114,29.0,Female,57.4,1.74,198,165.0,67.0,1.58,880.0,Strength,20.9,3.3,4.0,1.0,
116,20.0,Female,,1.75,193,136.0,51.0,0.58,1218.0,Yoga,28.4,3.0,4.0,1.0,19.66
120,27.0,Male,72.8,1.82,162,136.0,57.0,1.23,780.0,HIIT,11.4,3.5,4.0,3.0,22.59
121,38.0,Male,50.0,1.75,186,135.0,59.0,2.0,695.0,Strength,23.4,1.6,4.0,1.0,49.84
123,54.0,Male,84.0,1.94,178,133.0,53.0,1.47,942.0,Yoga,30.7,1.5,4.0,1.0,16.61
130,50.0,Female,40.0,1.75,162,169.0,55.0,2.0,1449.0,Yoga,31.7,3.5,4.0,3.0,28.18
137,19.0,Female,40.0,1.93,167,158.0,74.0,1.19,1265.0,Yoga,24.7,2.6,4.0,3.0,12.32
139,36.0,Female,50.1,1.85,199,140.0,68.0,0.91,1243.0,Strength,30.7,2.8,4.0,2.0,25.82
141,45.0,,68.3,1.75,185,133.0,65.0,1.31,1595.0,,29.1,2.5,4.0,2.0,13.23
144,33.0,Female,97.1,1.86,166,127.0,72.0,1.39,1783.0,HIIT,11.0,1.5,4.0,1.0,16.27
146,37.0,Male,62.1,1.85,196,151.0,64.0,1.28,943.0,HIIT,26.7,3.3,4.0,1.0,20.37
150,24.0,Female,44.0,1.79,193,164.0,62.0,1.84,622.0,Strength,26.3,3.5,4.0,2.0,14.27
151,27.0,Female,75.1,1.86,175,165.0,70.0,1.29,765.0,,27.0,3.5,4.0,2.0,14.22
153,23.0,Female,58.2,1.85,196,130.0,57.0,1.36,582.0,HIIT,25.7,1.5,4.0,1.0,35.08
160,18.0,Male,40.0,1.85,175,144.0,51.0,2.0,1318.0,,32.7,2.0,4.0,2.0,21.16
164,18.0,Female,40.0,1.8,196,120.0,70.0,2.0,979.0,Cardio,10.0,2.6,4.0,1.0,20.06
168,32.0,Male,57.0,1.76,170,160.0,71.0,1.82,904.0,Strength,30.9,3.3,4.0,3.0,16.01
169,20.0,Female,75.8,1.87,160,163.0,63.0,2.0,988.0,HIIT,23.5,2.7,4.0,3.0,12.32
174,18.0,Male,50.6,1.89,189,130.0,66.0,,1278.0,HIIT,28.5,3.7,4.0,2.0,27.87
176,28.0,Female,70.0,1.74,198,169.0,69.0,2.0,1468.0,Cardio,28.4,2.8,4.0,2.0,21.91
185,31.0,Male,40.0,1.77,181,127.0,51.0,0.76,1382.0,Cardio,15.3,2.6,4.0,,14.09
189,43.0,Male,102.5,1.79,190,138.0,69.0,1.54,844.0,Cardio,19.7,3.7,4.0,2.0,17.07
193,19.0,Female,82.8,1.79,192,127.0,74.0,1.18,1140.0,Cardio,10.0,2.4,4.0,3.0,21.95
194,45.0,Female,40.0,1.93,177,141.0,56.0,1.44,,Strength,24.0,3.6,4.0,1.0,23.52
195,41.0,Female,73.3,1.71,196,158.0,56.0,1.36,1234.0,Strength,30.1,3.2,4.0,3.0,25.83
201,33.0,Male,42.7,1.82,196,145.0,68.0,1.24,1436.0,Yoga,26.3,3.7,4.0,1.0,42.84
203,33.0,Male,76.8,1.72,193,126.0,69.0,1.26,790.0,HIIT,31.8,3.3,4.0,1.0,25.47
212,27.0,Male,40.0,1.76,183,125.0,60.0,1.04,1783.0,Yoga,21.9,3.3,4.0,2.0,12.32
228,26.0,Female,85.8,1.87,188,162.0,58.0,1.33,938.0,HIIT,24.3,,4.0,2.0,18.34
246,51.0,Male,100.7,1.75,185,138.0,73.0,1.5,703.0,Strength,25.5,1.8,4.0,3.0,15.9
247,22.0,Male,58.6,2.0,165,169.0,57.0,2.0,1402.0,Strength,30.0,3.5,4.0,2.0,20.99
253,37.0,Female,94.4,1.7,193,127.0,70.0,1.27,1183.0,HIIT,16.4,3.4,4.0,1.0,19.3
254,45.0,Male,111.9,1.73,177,129.0,54.0,0.92,1267.0,Strength,18.3,2.6,4.0,1.0,12.32
257,51.0,Male,61.1,1.82,165,163.0,57.0,1.19,1171.0,Yoga,31.7,2.5,4.0,3.0,45.75
271,46.0,Male,108.9,1.86,162,165.0,74.0,1.42,936.0,Strength,22.2,1.9,4.0,2.0,27.29
274,26.0,Male,43.2,1.8,185,149.0,52.0,1.87,1019.0,Cardio,23.5,2.1,4.0,2.0,27.59
275,45.0,,68.7,1.7,179,126.0,74.0,1.05,1161.0,Cardio,22.9,3.1,4.0,3.0,24.13
280,47.0,Female,93.3,1.73,184,123.0,62.0,1.45,998.0,Yoga,15.1,1.7,4.0,2.0,12.32
285,18.0,Female,40.0,1.77,189,137.0,74.0,0.6,829.0,Cardio,24.7,2.6,4.0,1.0,16.35
295,33.0,Male,60.8,1.78,189,147.0,73.0,1.04,951.0,Cardio,27.3,3.3,4.0,2.0,
296,18.0,Male,44.8,1.81,164,,57.0,1.2,742.0,HIIT,23.5,3.3,4.0,3.0,19.04
305,21.0,Female,121.6,1.78,182,151.0,50.0,1.81,1242.0,Yoga,21.0,3.5,4.0,2.0,16.63
309,18.0,Male,49.8,1.96,199,162.0,74.0,1.64,996.0,Strength,,2.3,4.0,2.0,14.35
311,24.0,Female,58.5,1.87,183,128.0,74.0,1.36,1034.0,HIIT,24.8,3.3,4.0,1.0,24.49
319,28.0,Male,73.2,1.76,171,159.0,61.0,1.21,973.0,HIIT,26.4,2.0,4.0,1.0,12.32
326,34.0,Male,90.0,1.74,194,167.0,57.0,1.36,764.0,Cardio,25.0,2.6,4.0,2.0,13.77
332,36.0,Male,40.0,2.0,193,121.0,,1.98,1282.0,Yoga,25.7,2.6,4.0,1.0,27.96
333,26.0,Female,71.2,2.0,169,159.0,52.0,1.42,749.0,Strength,29.8,3.5,4.0,2.0,27.16
334,53.0,Female,46.4,1.7,169,120.0,72.0,1.49,1415.0,Yoga,21.9,3.4,4.0,2.0,14.08
339,38.0,,78.6,1.98,194,136.0,69.0,1.3,1590.0,Strength,27.2,2.3,4.0,2.0,25.52
341,54.0,Female,79.8,1.94,163,120.0,63.0,1.53,827.0,Yoga,25.3,3.3,4.0,2.0,12.32
344,23.0,Female,52.4,1.86,166,130.0,59.0,1.53,880.0,Yoga,21.6,1.5,4.0,2.0,12.32
348,18.0,Male,40.0,1.72,195,137.0,52.0,2.0,1783.0,Cardio,18.6,1.5,4.0,1.0,12.77
350,,Male,50.5,1.76,192,156.0,72.0,1.25,768.0,Cardio,12.8,1.7,4.0,2.0,16.06
353,30.0,Female,119.6,1.72,191,150.0,74.0,1.77,1006.0,Yoga,13.1,2.2,4.0,3.0,13.32
356,54.0,Male,71.2,1.7,190,120.0,58.0,1.21,708.0,,14.4,3.1,4.0,2.0,12.46
357,34.0,Male,53.0,1.92,199,134.0,68.0,1.12,790.0,Strength,19.8,3.5,4.0,3.0,16.18
358,56.0,Female,45.7,1.96,192,153.0,71.0,2.0,868.0,Yoga,11.4,2.0,4.0,2.0,21.34
363,27.0,Male,55.4,1.72,186,153.0,74.0,2.0,1281.0,\nStrength,10.9,2.4,4.0,2.0,14.56
365,26.0,Female,63.9,1.75,199,121.0,72.0,2.0,638.0,HIIT,23.6,3.4,4.0,2.0,23.96
378,19.0,Female,129.9,1.71,161,169.0,56.0,2.0,443.0,Yoga,29.6,2.4,4.0,2.0,12.32
380,45.0,Female,80.5,1.89,183,134.0,74.0,1.02,1311.0,HIIT,24.6,1.9,4.0,1.0,12.32
385,27.0,Female,52.3,1.77,193,130.0,57.0,2.0,993.0,Yoga,25.6,,4.0,1.0,15.08
390,48.0,Female,61.8,1.71,172,140.0,62.0,1.37,1266.0,Cardio,28.6,3.6,4.0,1.0,23.64
392,25.0,Male,44.2,1.9,174,159.0,50.0,1.1,1293.0,Yoga,25.7,2.5,4.0,2.0,19.26
399,57.0,Female,80.0,1.79,167,127.0,54.0,1.01,312.0,Yoga,24.3,2.6,4.0,2.0,13.16
401,27.0,Male,56.4,1.76,198,129.0,71.0,1.79,488.0,HIIT,22.9,3.3,4.0,1.0,17.49
402,32.0,Male,58.4,2.0,179,139.0,60.0,1.21,1379.0,Strength,23.3,3.2,4.0,2.0,22.61
403,42.0,Female,68.5,1.75,187,167.0,54.0,1.3,708.0,Cardio,15.4,1.6,4.0,1.0,33.91
406,31.0,Female,55.7,1.8,168,167.0,64.0,1.53,600.0,HIIT,34.4,2.8,4.0,3.0,25.27
416,59.0,Male,70.2,1.77,172,124.0,68.0,1.47,1069.0,Cardio,21.4,3.5,4.0,1.0,40.19
421,48.0,Female,81.9,1.8,180,165.0,67.0,1.25,1410.0,Cardio,24.0,3.5,4.0,2.0,18.28
435,50.0,Male,82.8,1.9,161,130.0,74.0,1.51,1151.0,,16.8,3.3,4.0,3.0,28.59
438,27.0,Male,41.0,1.82,171,138.0,53.0,1.47,1273.0,Cardio,29.1,2.4,4.0,1.0,12.35
442,31.0,Female,47.4,1.73,178,150.0,57.0,1.64,962.0,Cardio,28.8,2.0,4.0,3.0,20.91
448,41.0,Male,40.2,1.76,198,135.0,56.0,1.93,964.0,Strength,18.8,3.4,4.0,1.0,19.02
450,42.0,Male,41.9,1.84,168,154.0,71.0,1.49,1029.0,,30.6,2.6,4.0,2.0,22.97
454,19.0,Female,76.6,1.84,188,138.0,71.0,1.72,699.0,HIIT,28.3,3.5,4.0,1.0,19.76
460,34.0,Male,40.0,1.82,176,141.0,66.0,1.34,1709.0,Cardio,24.1,3.0,4.0,1.0,15.3
461,18.0,Female,67.1,1.71,174,165.0,74.0,1.84,577.0,\nStrength,27.1,2.7,4.0,3.0,24.9
475,44.0,Male,63.3,1.88,189,150.0,74.0,1.02,1184.0,Strength,16.5,3.5,4.0,1.0,13.03
478,56.0,,40.0,1.85,194,158.0,67.0,1.43,1633.0,Yoga,30.6,1.9,4.0,1.0,21.57
480,31.0,Male,64.8,1.71,174,164.0,57.0,1.64,857.0,HIIT,26.2,2.7,4.0,,23.64
481,48.0,Male,51.6,1.8,181,161.0,68.0,0.82,1487.0,Cardio,22.5,1.9,4.0,2.0,13.29
487,19.0,Male,60.7,1.7,183,128.0,74.0,1.22,817.0,Strength,20.9,2.8,4.0,1.0,35.87
493,18.0,Female,,1.72,169,136.0,66.0,2.0,945.0,Strength,22.8,3.3,4.0,2.0,26.19
494,35.0,Female,40.4,1.71,176,130.0,70.0,1.97,1110.0,HIIT,17.0,3.6,4.0,3.0,29.32
501,49.0,Female,,1.72,171,122.0,73.0,1.02,614.0,HIIT,21.6,1.8,4.0,1.0,18.86
503,19.0,Female,43.6,1.7,168,126.0,55.0,1.42,685.0,HIIT,23.9,1.5,4.0,3.0,19.35
508,38.0,Male,82.7,2.0,178,138.0,72.0,1.46,1219.0,Yoga,25.8,3.6,4.0,1.0,24.74
511,48.0,Male,63.8,1.79,185,135.0,71.0,1.69,1242.0,HIIT,29.7,1.5,4.0,1.0,25.54
517,33.0,Female,76.3,1.88,169,161.0,69.0,,1265.0,Cardio,24.2,1.5,4.0,2.0,14.97
519,42.0,Male,57.3,1.73,194,153.0,65.0,1.97,1132.0,Strength,22.2,3.2,4.0,1.0,19.54
523,24.0,Female,91.8,1.82,171,140.0,52.0,2.0,1065.0,Strength,16.1,2.7,4.0,2.0,24.37
530,41.0,Male,90.3,1.76,180,,70.0,1.96,1596.0,Cardio,22.6,2.3,4.0,1.0,12.32
538,25.0,Female,85.1,1.98,185,148.0,58.0,1.29,785.0,Yoga,22.5,3.5,4.0,1.0,14.37
541,49.0,Male,40.0,1.76,193,124.0,72.0,1.3,1196.0,Cardio,11.2,2.2,4.0,2.0,16.86
546,54.0,Male,55.2,1.8,168,137.0,55.0,2.0,1472.0,HIIT,27.0,3.1,4.0,2.0,23.47
549,46.0,Female,40.0,1.75,170,142.0,63.0,0.96,919.0,Cardio,22.3,2.4,4.0,2.0,12.41
552,44.0,Female,87.8,1.77,163,157.0,67.0,1.18,,Yoga,23.7,2.0,4.0,2.0,12.32
571,34.0,Male,62.5,1.87,185,167.0,73.0,0.96,1353.0,Cardio,29.6,2.3,4.0,1.0,31.91
585,29.0,Male,60.9,1.86,191,152.0,60.0,1.79,1108.0,Strength,31.5,1.5,4.0,3.0,42.08
594,45.0,Male,,1.7,162,120.0,63.0,1.79,731.0,Yoga,31.7,,4.0,3.0,13.71
595,18.0,Male,41.6,1.94,168,153.0,57.0,0.86,1068.0,Strength,25.0,3.1,4.0,1.0,19.74
597,20.0,Female,84.8,1.74,165,151.0,59.0,1.49,717.0,HIIT,24.9,3.4,4.0,3.0,14.13
615,48.0,Female,49.3,1.74,179,142.0,74.0,1.31,723.0,HIIT,19.2,3.5,4.0,3.0,19.2
620,43.0,Female,73.6,1.79,170,169.0,72.0,1.16,1408.0,Strength,17.4,1.5,4.0,1.0,14.69
621,48.0,,40.0,2.0,194,159.0,70.0,1.48,419.0,Cardio,13.5,2.5,4.0,2.0,21.29
624,44.0,Female,88.2,1.88,192,169.0,51.0,2.0,1783.0,HIIT,28.5,1.9,4.0,2.0,12.32
630,24.0,Female,55.6,1.73,175,120.0,71.0,1.09,775.0,Yoga,17.2,3.0,4.0,2.0,22.74
641,48.0,Female,73.8,1.88,191,151.0,59.0,1.88,1783.0,Cardio,19.2,2.0,4.0,1.0,12.32
642,23.0,Male,52.3,1.74,184,122.0,65.0,1.38,915.0,Yoga,10.0,3.5,4.0,1.0,18.17
645,20.0,Male,92.8,2.0,195,154.0,58.0,1.44,676.0,Yoga,24.3,1.5,4.0,2.0,16.6
646,18.0,Male,56.2,1.75,164,127.0,57.0,1.45,952.0,Strength,29.6,3.5,4.0,3.0,17.29
647,24.0,Female,65.3,1.74,178,168.0,63.0,1.12,984.0,HIIT,25.6,3.3,4.0,2.0,19.87
648,37.0,Male,60.2,1.76,194,169.0,72.0,1.7,1114.0,Yoga,31.4,1.8,4.0,2.0,32.81
652,34.0,Male,63.8,1.8,192,129.0,54.0,1.92,1229.0,Cardio,13.8,3.1,4.0,2.0,14.24
663,36.0,Male,69.0,1.76,191,153.0,73.0,1.01,1276.0,,16.7,2.9,4.0,1.0,13.89
667,18.0,Female,52.2,1.75,171,165.0,72.0,1.45,570.0,Strength,26.1,3.4,4.0,1.0,12.48
668,40.0,Male,45.4,1.84,167,156.0,50.0,1.13,771.0,Cardio,11.5,3.5,4.0,2.0,12.32
682,21.0,Female,78.5,1.8,179,169.0,59.0,1.64,683.0,Yoga,23.9,2.7,4.0,1.0,22.33
688,18.0,Male,53.1,1.7,181,169.0,73.0,1.01,1740.0,Strength,23.8,2.3,4.0,1.0,
698,29.0,Female,40.0,1.77,191,169.0,58.0,1.2,613.0,Strength,22.2,2.2,4.0,2.0,29.56
704,27.0,Female,40.0,1.72,178,132.0,72.0,0.83,857.0,Cardio,27.3,3.2,4.0,2.0,17.8
705,35.0,Female,66.7,1.72,171,153.0,65.0,1.15,776.0,HIIT,18.7,2.5,4.0,1.0,22.98
706,44.0,Male,47.3,1.72,198,164.0,70.0,1.46,1103.0,Strength,26.7,1.5,4.0,,23.85
712,18.0,,75.8,1.99,191,167.0,71.0,1.53,850.0,HIIT,10.0,3.5,4.0,1.0,15.4
713,47.0,Female,74.7,1.77,195,130.0,68.0,1.93,1056.0,HIIT,22.1,3.4,4.0,2.0,24.44
718,18.0,Male,40.9,1.87,160,140.0,50.0,1.28,1261.0,HIIT,17.1,2.1,4.0,2.0,39.61
720,26.0,Male,89.2,1.81,161,169.0,61.0,1.34,820.0,Strength,23.5,2.6,4.0,1.0,27.63
726,19.0,Female,55.2,1.71,172,136.0,74.0,1.93,670.0,Yoga,10.0,3.1,4.0,1.0,20.85
727,31.0,Female,91.7,1.74,172,166.0,56.0,1.28,892.0,Yoga,19.8,3.1,4.0,3.0,12.32
731,23.0,Male,85.1,1.79,194,138.0,55.0,1.16,829.0,Strength,23.7,2.6,4.0,2.0,19.2
734,33.0,Male,,1.8,160,155.0,74.0,1.26,906.0,Yoga,23.9,3.2,4.0,1.0,18.21
748,34.0,Female,80.0,2.0,173,125.0,56.0,1.82,773.0,Strength,22.3,2.8,4.0,2.0,14.62
753,38.0,Male,60.5,1.72,187,139.0,50.0,1.34,1096.0,Yoga,20.9,3.7,4.0,2.0,25.58
756,38.0,Male,,1.7,181,144.0,56.0,1.47,574.0,HIIT,26.3,2.6,4.0,1.0,14.96
758,25.0,Female,59.2,1.84,168,160.0,51.0,1.53,1476.0,Yoga,25.1,3.7,4.0,2.0,13.81
759,27.0,Male,57.4,1.89,193,128.0,51.0,0.92,1121.0,Yoga,22.4,3.5,4.0,2.0,16.0
764,25.0,Female,83.1,1.72,182,167.0,67.0,0.89,771.0,Strength,23.8,2.3,4.0,1.0,12.32
766,39.0,Female,50.3,1.94,164,160.0,66.0,0.58,992.0,Cardio,10.0,2.9,4.0,1.0,14.72
768,20.0,Male,66.2,1.85,196,120.0,58.0,0.84,420.0,HIIT,24.9,1.5,4.0,1.0,12.32
772,25.0,Male,72.5,1.78,177,142.0,67.0,1.99,1047.0,HIIT,27.4,3.0,4.0,3.0,12.32
773,21.0,Male,92.1,1.77,175,167.0,74.0,1.66,737.0,Cardio,25.3,3.3,4.0,2.0,17.16
789,39.0,Male,40.7,1.84,197,145.0,55.0,1.48,1128.0,Strength,25.3,1.5,4.0,1.0,22.28
791,50.0,Female,88.5,2.0,181,146.0,72.0,1.33,1088.0,Cardio,11.9,2.3,4.0,1.0,17.26
793,43.0,Female,79.0,1.73,186,158.0,55.0,1.2,1146.0,Cardio,25.2,3.6,4.0,2.0,19.64
808,18.0,Male,74.8,1.76,186,134.0,68.0,0.5,1783.0,Cardio,21.8,3.5,4.0,3.0,23.47
811,43.0,Female,40.0,1.89,169,134.0,54.0,0.57,1267.0,HIIT,21.4,1.5,4.0,2.0,12.32
814,33.0,Male,49.7,1.82,179,169.0,71.0,1.55,968.0,Cardio,32.2,3.6,4.0,3.0,21.87
822,36.0,Female,85.1,1.73,194,156.0,74.0,1.41,1024.0,Cardio,28.9,3.5,4.0,3.0,13.22
828,23.0,Male,56.8,1.83,197,152.0,56.0,1.22,1193.0,Cardio,23.2,1.6,4.0,2.0,
832,23.0,Female,69.2,1.73,180,165.0,70.0,2.0,765.0,HIIT,23.3,1.8,4.0,2.0,21.96
841,52.0,Female,40.0,1.91,194,151.0,59.0,1.96,535.0,HIIT,23.4,1.5,4.0,2.0,23.62
855,44.0,Male,66.8,1.97,194,126.0,65.0,1.66,1382.0,HIIT,18.5,1.6,4.0,2.0,23.14
864,36.0,Female,100.2,1.93,199,166.0,60.0,0.98,1076.0,HIIT,24.6,2.7,4.0,2.0,16.49
869,52.0,Female,50.8,1.8,199,159.0,63.0,1.51,1153.0,HIIT,24.9,2.4,4.0,2.0,16.16
875,18.0,Male,89.2,1.88,189,167.0,58.0,2.0,1126.0,Cardio,29.7,3.5,4.0,2.0,13.63
878,46.0,Female,67.5,1.76,160,150.0,74.0,1.43,577.0,Yoga,20.0,2.6,4.0,2.0,17.39
879,46.0,Male,91.4,1.71,183,136.0,58.0,0.93,,Cardio,30.8,3.4,4.0,1.0,
895,18.0,Male,49.9,1.74,177,161.0,70.0,2.0,950.0,HIIT,23.0,3.4,4.0,2.0,17.53
911,48.0,Male,59.6,1.78,181,152.0,53.0,1.65,1741.0,Strength,23.2,3.3,4.0,1.0,12.32
922,43.0,Male,68.8,1.79,188,122.0,73.0,1.56,350.0,HIIT,23.4,1.5,4.0,1.0,14.27
928,52.0,Male,88.0,1.87,180,128.0,74.0,1.44,1058.0,Strength,32.2,1.7,4.0,2.0,27.54
933,38.0,Male,101.4,2.0,190,169.0,63.0,,1772.0,Cardio,20.7,2.6,4.0,1.0,38.99
937,45.0,Female,70.2,1.82,167,139.0,67.0,1.32,953.0,Strength,10.0,1.5,4.0,2.0,13.6
943,43.0,Female,68.0,1.78,183,120.0,58.0,2.0,1030.0,HIIT,22.8,1.5,4.0,2.0,17.25
944,44.0,Male,46.7,1.81,191,132.0,58.0,1.45,1113.0,Cardio,10.0,3.5,4.0,3.0,23.21
945,30.0,Male,59.4,1.87,190,122.0,50.0,1.77,1337.0,Yoga,25.5,2.8,4.0,1.0,23.2
951,47.0,Female,70.1,1.71,199,139.0,74.0,1.15,1238.0,Cardio,25.1,2.5,4.0,1.0,19.95
954,28.0,Male,59.9,1.7,169,163.0,65.0,1.26,1474.0,Yoga,11.7,2.9,4.0,1.0,33.85
956,51.0,Female,62.7,1.73,198,140.0,50.0,1.98,1656.0,Strength,18.2,3.6,4.0,2.0,33.87
959,18.0,Female,49.0,1.72,190,153.0,60.0,0.72,862.0,HIIT,24.4,2.8,4.0,3.0,17.26
973,19.0,Male,97.4,1.75,173,144.0,56.0,1.27,917.0,HIIT,27.1,3.2,4.0,2.0,28.45
974,42.0,Male,117.7,1.71,198,149.0,74.0,0.89,943.0,Cardio,23.7,1.8,4.0,1.0,26.89
983,52.0,Male,40.0,1.71,165,157.0,74.0,1.64,1001.0,HIIT,18.6,2.8,4.0,2.0,17.27
991,27.0,Female,63.3,1.9,183,148.0,67.0,0.58,933.0,HIIT,20.0,3.2,4.0,2.0,22.45
992,40.0,Female,95.3,1.86,171,130.0,67.0,1.46,796.0,\nStrength,10.0,2.0,4.0,1.0,22.23
1000,30.0,Male,88.2,1.72,191,155.0,54.0,1.28,911.0,Strength,27.2,2.2,4.0,3.0,15.42
1001,34.0,Female,61.7,1.81,183,141.0,72.0,0.98,1443.0,HIIT,31.4,2.6,4.0,3.0,20.6
1002,30.0,Male,120.0,1.79,187,141.0,51.0,2.0,1508.0,Yoga,,2.5,4.0,1.0,21.36
1003,30.0,Male,45.4,1.73,197,151.0,50.0,1.27,1200.0,Cardio,23.1,3.6,4.0,3.0,17.33
1010,49.0,Male,53.8,1.81,185,169.0,71.0,1.56,1345.0,Strength,25.3,2.4,4.0,2.0,19.34
1019,54.0,Female,76.8,1.79,189,132.0,64.0,1.32,815.0,Strength,20.7,2.1,4.0,1.0,20.66
1029,27.0,Female,62.9,1.73,187,157.0,54.0,0.99,569.0,Strength,27.9,2.4,4.0,1.0,28.52
1030,28.0,Male,69.3,1.99,183,154.0,62.0,1.97,827.0,Strength,14.4,1.5,4.0,2.0,18.72
1036,25.0,Male,42.2,1.82,185,140.0,56.0,0.86,373.0,Strength,17.9,3.5,4.0,2.0,29.27
1037,29.0,Female,57.0,1.7,168,160.0,61.0,0.74,976.0,Yoga,17.7,2.8,4.0,3.0,12.32
1040,28.0,Female,45.0,1.8,187,162.0,74.0,1.82,1395.0,Strength,23.2,2.7,4.0,3.0,12.32
1041,18.0,Female,78.5,1.81,190,127.0,74.0,1.38,466.0,Yoga,29.9,1.7,4.0,3.0,15.7
1045,59.0,Male,79.3,1.79,198,162.0,74.0,1.78,933.0,Strength,25.2,2.7,4.0,2.0,16.0
1051,48.0,Female,40.0,1.75,196,133.0,74.0,2.0,517.0,Cardio,12.8,2.5,4.0,1.0,12.32
1056,22.0,Male,96.9,1.8,163,132.0,56.0,0.94,748.0,HIIT,21.7,2.5,4.0,2.0,24.29
1060,30.0,Female,85.4,1.71,188,169.0,74.0,1.17,744.0,HIIT,21.6,3.6,4.0,2.0,20.15
1064,38.0,Male,53.6,1.7,188,126.0,73.0,0.97,1083.0,Yoga,30.4,3.4,4.0,2.0,12.32
1068,28.0,,77.2,1.86,180,133.0,,1.55,1710.0,Strength,26.5,1.6,4.0,3.0,17.34
1069,32.0,Female,113.1,1.73,165,135.0,58.0,1.5,1081.0,Yoga,26.2,3.3,4.0,1.0,12.32
1071,25.0,Male,61.3,1.77,173,167.0,50.0,1.88,1760.0,Strength,35.0,3.1,4.0,2.0,17.69
1077,37.0,Female,40.0,1.81,164,139.0,62.0,1.35,658.0,,15.4,,4.0,1.0,
1078,40.0,Female,40.0,1.74,173,164.0,72.0,1.33,1194.0,HIIT,22.7,1.5,4.0,1.0,12.32
1090,18.0,,50.6,1.74,162,153.0,74.0,1.25,634.0,Strength,29.3,1.5,4.0,,17.25
1095,50.0,Female,60.4,1.72,184,124.0,74.0,2.0,494.0,\tYoga,27.9,3.0,4.0,2.0,20.81
1105,20.0,Female,65.7,1.81,189,165.0,55.0,1.66,733.0,Strength,35.0,3.5,4.0,2.0,25.06
1106,23.0,Female,51.4,2.0,182,158.0,65.0,1.07,738.0,Strength,31.7,2.6,4.0,2.0,15.31
1107,34.0,Female,75.2,2.0,196,141.0,73.0,1.13,753.0,HIIT,33.8,3.6,4.0,2.0,16.39
1111,18.0,Male,40.0,1.78,167,133.0,62.0,0.86,963.0,Yoga,16.9,3.7,4.0,3.0,21.42
1115,44.0,Female,79.5,1.73,184,155.0,56.0,1.57,1058.0,Yoga,17.8,2.6,4.0,2.0,25.45
1117,39.0,,65.6,1.75,164,158.0,66.0,1.09,1593.0,Cardio,23.7,3.1,4.0,2.0,23.89
1119,56.0,Male,54.5,1.76,196,148.0,74.0,1.4,659.0,HIIT,32.1,2.8,4.0,2.0,27.02
1122,34.0,Female,58.2,1.7,189,134.0,55.0,0.73,785.0,HIIT,24.0,1.6,4.0,2.0,12.46
1131,18.0,Male,71.3,1.78,167,129.0,72.0,0.86,1238.0,Strength,20.6,1.5,4.0,3.0,34.18
1134,54.0,Male,47.2,1.75,160,134.0,68.0,1.18,1001.0,Yoga,23.9,1.9,4.0,1.0,20.0
1136,33.0,Female,40.0,1.79,194,162.0,60.0,1.39,1012.0,Cardio,23.7,2.8,4.0,,13.81
1140,55.0,Female,129.9,1.89,177,157.0,66.0,0.81,1154.0,Cardio,15.2,2.4,4.0,2.0,20.1
1151,59.0,Male,62.4,1.71,197,,74.0,1.47,705.0,Cardio,32.0,2.4,4.0,2.0,19.22
1153,55.0,Female,93.1,1.82,172,148.0,60.0,1.22,1039.0,HIIT,17.3,2.6,4.0,1.0,20.51
1154,48.0,Female,122.3,1.71,183,120.0,63.0,0.79,992.0,,10.0,2.6,4.0,1.0,18.9
1159,52.0,Male,63.0,1.72,184,131.0,54.0,1.48,804.0,Cardio,21.5,1.5,4.0,3.0,34.06
1169,39.0,Female,88.6,1.8,181,158.0,71.0,1.29,1296.0,Strength,24.3,2.8,4.0,1.0,
1170,36.0,Male,79.7,1.75,168,132.0,74.0,1.67,445.0,Strength,23.9,3.4,4.0,2.0,25.28
1177,34.0,Male,89.1,1.78,174,120.0,51.0,1.52,574.0,Cardio,27.6,1.5,4.0,2.0,20.61
1182,54.0,Male,128.7,1.91,192,,58.0,1.97,1049.0,Cardio,22.9,2.7,4.0,2.0,23.32
1189,31.0,Male,40.0,1.74,194,155.0,68.0,1.4,716.0,HIIT,30.6,1.5,4.0,3.0,20.16
1200,32.0,Female,104.3,1.83,160,,64.0,1.83,1122.0,Yoga,22.1,2.8,4.0,2.0,16.99
1201,36.0,Female,61.2,1.93,166,145.0,55.0,0.77,1015.0,HIIT,18.8,1.5,4.0,2.0,12.32
1204,45.0,Male,61.6,1.95,176,,64.0,1.12,1049.0,Strength,25.1,2.4,4.0,1.0,30.72
1206,31.0,Male,53.0,1.83,182,149.0,55.0,1.33,821.0,Strength,23.6,3.4,4.0,3.0,22.89
1208,38.0,Female,81.1,1.92,190,125.0,61.0,1.18,690.0,Yoga,26.1,3.1,4.0,3.0,17.99
1210,21.0,Male,81.8,1.83,182,163.0,53.0,2.0,1159.0,Cardio,29.2,2.7,4.0,1.0,22.27
1214,43.0,Male,88.5,1.72,185,131.0,67.0,1.48,1140.0,Cardio,23.6,3.3,4.0,1.0,28.7
1216,18.0,Male,56.5,1.86,193,129.0,54.0,1.4,901.0,HIIT,20.6,3.5,4.0,2.0,13.7
1219,44.0,Male,66.8,1.72,191,136.0,68.0,1.34,1239.0,Cardio,31.5,2.8,4.0,2.0,22.21
1227,34.0,Female,44.3,1.76,180,129.0,58.0,1.85,494.0,Strength,25.8,3.2,4.0,3.0,16.48
1240,29.0,Female,61.5,1.88,182,152.0,72.0,1.62,793.0,HIIT,24.2,3.3,4.0,3.0,23.84
1253,56.0,Female,88.8,1.7,173,129.0,52.0,1.79,933.0,Yoga,24.1,1.5,4.0,2.0,12.32
1261,26.0,Male,64.6,1.82,196,165.0,55.0,1.46,1699.0,Yoga,28.1,3.3,4.0,2.0,19.63
1269,27.0,Male,66.6,1.7,171,149.0,73.0,1.43,1321.0,Strength,26.6,3.3,4.0,3.0,13.51
1270,45.0,Female,106.3,1.84,172,123.0,61.0,1.15,1177.0,Strength,16.9,2.6,4.0,3.0,30.72
1284,33.0,Male,85.0,1.73,161,128.0,64.0,1.34,812.0,Strength,16.6,3.2,4.0,1.0,13.34
1294,34.0,Female,100.1,1.97,192,164.0,73.0,2.0,1747.0,Yoga,25.5,1.5,4.0,2.0,22.68
1297,18.0,Male,52.4,1.74,181,169.0,63.0,0.83,889.0,Strength,10.0,2.8,4.0,3.0,13.4
1303,47.0,,40.0,1.85,192,139.0,57.0,1.2,697.0,Cardio,25.2,3.5,4.0,1.0,19.04
1305,33.0,Female,72.3,1.8,199,120.0,74.0,1.33,457.0,HIIT,26.5,2.3,4.0,2.0,12.32
1308,35.0,Male,44.9,1.92,168,123.0,67.0,1.29,572.0,Cardio,20.8,2.1,4.0,2.0,17.33
1311,18.0,Male,100.0,1.73,192,166.0,56.0,1.22,1631.0,Strength,23.3,1.8,4.0,2.0,12.32
1313,32.0,Female,46.5,1.83,176,128.0,74.0,1.01,1061.0,Cardio,10.0,2.5,4.0,3.0,14.63
1319,52.0,Male,84.5,1.75,180,158.0,71.0,2.0,830.0,Strength,14.1,1.5,4.0,3.0,18.25
1325,27.0,Male,72.5,1.88,181,162.0,69.0,1.21,1120.0,HIIT,34.6,3.4,4.0,1.0,27.76
1335,18.0,Male,57.5,1.74,193,154.0,70.0,1.16,1358.0,HIIT,33.9,3.7,4.0,3.0,12.32
1337,45.0,Male,98.7,1.77,183,132.0,74.0,1.32,400.0,Cardio,19.5,2.0,4.0,2.0,18.18
1344,35.0,Male,40.0,1.71,162,133.0,69.0,1.99,840.0,Yoga,20.2,3.2,4.0,2.0,27.14
1345,56.0,Female,64.2,1.79,196,165.0,58.0,0.97,667.0,Cardio,15.9,3.3,4.0,1.0,12.32
1358,18.0,Female,70.9,1.87,176,164.0,59.0,2.0,745.0,HIIT,28.2,3.2,4.0,2.0,15.74
1360,31.0,Female,46.9,1.75,192,146.0,63.0,2.0,748.0,Cardio,15.3,1.7,4.0,,12.48
1361,49.0,Male,47.5,1.79,161,169.0,61.0,1.43,957.0,Strength,25.8,3.0,4.0,1.0,13.47
1363,18.0,Female,59.1,2.0,181,123.0,72.0,1.94,901.0,HIIT,23.2,2.4,4.0,2.0,13.32
1380,20.0,Female,69.3,1.75,180,120.0,72.0,1.06,1421.0,Yoga,24.6,3.2,4.0,2.0,25.22
1382,39.0,Female,65.6,1.7,172,148.0,68.0,0.87,1709.0,HIIT,20.2,1.5,4.0,3.0,14.83
1384,22.0,Male,80.6,1.71,176,139.0,60.0,2.0,957.0,Cardio,31.0,2.4,4.0,2.0,12.32
1386,25.0,Female,72.6,1.7,161,168.0,51.0,1.28,1262.0,Strength,22.0,3.1,4.0,2.0,16.45
1388,50.0,Male,46.8,1.77,180,128.0,70.0,1.4,803.0,HIIT,17.0,3.3,4.0,1.0,21.83
1390,43.0,Male,83.5,1.96,168,169.0,54.0,1.47,1522.0,Strength,,2.1,4.0,2.0,24.03
1392,18.0,Male,63.9,1.71,164,140.0,66.0,1.48,785.0,Yoga,30.2,3.3,4.0,2.0,21.96
1393,36.0,Female,67.5,1.71,173,,60.0,1.1,511.0,HIIT,20.6,1.5,4.0,1.0,18.75
1395,21.0,Male,90.1,1.72,184,138.0,68.0,1.35,1043.0,Yoga,27.1,2.1,4.0,3.0,22.34
1396,18.0,Male,48.2,1.75,180,134.0,63.0,1.39,1053.0,Yoga,22.1,2.2,4.0,1.0,16.34
1402,30.0,Female,65.3,1.76,192,161.0,57.0,1.16,1092.0,Cardio,32.1,1.9,4.0,3.0,23.82
1403,59.0,Male,40.0,1.72,182,164.0,56.0,1.27,1783.0,HIIT,12.6,3.1,4.0,3.0,12.32
1406,49.0,Male,58.2,1.82,171,154.0,67.0,1.38,624.0,Strength,20.8,3.5,4.0,1.0,19.11
1412,27.0,Female,59.6,1.73,182,139.0,71.0,1.42,1321.0,Strength,16.3,3.3,4.0,3.0,16.62
1413,35.0,Male,40.0,1.72,182,120.0,70.0,1.22,1178.0,HIIT,14.6,1.9,4.0,2.0,17.87
1414,24.0,Male,41.3,1.73,180,156.0,74.0,1.55,1285.0,HIIT,26.2,3.2,4.0,3.0,14.93
1415,48.0,Male,97.0,1.73,172,122.0,74.0,1.7,903.0,Cardio,12.8,3.5,4.0,2.0,22.39
1417,49.0,Female,58.7,1.79,,120.0,67.0,0.9,900.0,Cardio,24.4,3.7,4.0,2.0,28.66
1418,33.0,Male,65.7,1.97,167,144.0,53.0,1.1,872.0,Cardio,19.1,2.0,4.0,1.0,19.14
1424,28.0,Male,59.3,1.79,189,128.0,69.0,0.91,877.0,Strength,24.8,2.1,4.0,1.0,28.16
1425,23.0,Male,40.0,1.87,161,,74.0,1.5,1200.0,Strength,23.7,3.3,4.0,3.0,13.11
1426,30.0,,61.8,1.88,189,142.0,73.0,1.02,1033.0,Cardio,23.7,2.3,4.0,1.0,21.86
1429,46.0,Female,80.2,1.98,172,155.0,73.0,1.29,1355.0,Yoga,26.8,3.3,4.0,3.0,15.63
1446,42.0,Male,,1.87,176,127.0,74.0,1.82,693.0,Yoga,10.0,2.1,4.0,1.0,20.3
1471,33.0,Female,60.5,1.76,160,146.0,67.0,0.58,1172.0,HIIT,26.4,,4.0,2.0,28.93
1473,44.0,Female,52.8,1.71,198,132.0,63.0,2.0,1783.0,HIIT,21.7,3.4,4.0,2.0,12.32
1475,25.0,Female,51.0,1.76,167,127.0,70.0,0.72,1119.0,,25.1,2.6,4.0,3.0,12.64
1478,49.0,Male,40.0,1.75,166,169.0,59.0,1.3,,Yoga,19.7,1.6,4.0,2.0,19.15
1479,20.0,Male,40.0,1.78,192,149.0,57.0,0.93,1075.0,Strength,25.5,1.9,4.0,1.0,22.57
1493,50.0,Male,55.8,1.81,161,126.0,55.0,1.32,909.0,Yoga,23.6,2.9,4.0,2.0,12.32
1496,29.0,Female,80.7,1.74,192,121.0,72.0,1.43,839.0,Strength,26.5,1.5,4.0,1.0,12.32
1497,46.0,Male,69.0,1.88,177,120.0,74.0,1.63,1183.0,Strength,23.4,3.6,4.0,2.0,14.54
1515,18.0,Male,56.5,1.93,177,156.0,52.0,1.53,1419.0,Strength,22.3,3.5,4.0,2.0,16.43
1520,43.0,Female,47.1,1.81,166,149.0,69.0,0.76,998.0,HIIT,22.2,3.0,4.0,1.0,29.69
1524,31.0,Female,66.4,1.76,175,140.0,69.0,1.55,640.0,Strength,24.7,3.5,4.0,2.0,29.07
1533,46.0,Female,119.6,1.71,176,129.0,53.0,1.26,1144.0,HIIT,23.9,1.7,4.0,2.0,12.32
1547,22.0,Female,53.0,1.83,199,129.0,74.0,0.88,540.0,Strength,11.9,3.1,4.0,2.0,15.29
1552,24.0,Male,92.2,1.71,194,141.0,59.0,2.0,1580.0,HIIT,32.9,2.4,4.0,2.0,
1553,35.0,Female,56.2,1.74,170,151.0,66.0,0.99,1215.0,Strength,26.9,2.9,4.0,2.0,20.61
1559,30.0,Female,54.9,1.93,187,165.0,70.0,0.94,836.0,Cardio,26.7,3.7,4.0,2.0,13.37
1568,34.0,Female,74.2,1.83,194,153.0,60.0,1.24,1632.0,Strength,27.3,3.0,4.0,2.0,20.18
1569,57.0,Female,84.0,1.95,199,142.0,51.0,1.66,872.0,Strength,17.5,3.4,4.0,1.0,21.88
1573,37.0,Female,94.5,1.73,198,135.0,74.0,1.16,717.0,Strength,23.8,1.6,4.0,3.0,17.52
1574,54.0,Male,70.9,1.7,\n175,131.0,74.0,1.5,750.0,HIIT,29.4,3.7,4.0,2.0,13.4
1579,18.0,Female,93.3,1.71,199,,50.0,1.59,1166.0,Yoga,22.3,2.6,4.0,1.0,24.01
1582,34.0,,80.6,1.76,177,163.0,,2.0,1783.0,Cardio,27.5,3.4,4.0,1.0,13.09
1585,25.0,Female,61.1,1.72,176,162.0,53.0,0.92,1378.0,Strength,15.0,3.4,4.0,1.0,12.62
1586,51.0,Female,58.8,1.78,172,120.0,54.0,2.0,1113.0,HIIT,31.5,2.3,4.0,1.0,
1596,23.0,Female,60.5,1.88,166,149.0,63.0,,907.0,Yoga,23.5,3.1,4.0,1.0,15.38
1609,30.0,Female,57.7,1.76,160,152.0,59.0,1.82,314.0,Cardio,23.2,1.8,4.0,3.0,12.32
1613,39.0,Male,81.9,1.72,187,156.0,53.0,1.19,1329.0,Yoga,24.2,3.4,4.0,2.0,12.91
1620,27.0,Male,64.2,1.89,188,143.0,51.0,2.0,1662.0,Strength,23.0,3.1,4.0,2.0,17.41
1628,43.0,Male,40.0,1.95,162,138.0,58.0,2.0,918.0,Yoga,26.4,1.8,4.0,2.0,18.66
1630,22.0,Female,54.1,1.76,178,127.0,65.0,1.42,501.0,Strength,29.2,3.7,4.0,1.0,22.15
1654,33.0,Male,73.3,1.86,187,123.0,60.0,1.22,1254.0,Cardio,35.0,1.9,4.0,1.0,15.26
1659,26.0,Male,65.9,1.99,166,127.0,71.0,1.08,1218.0,Cardio,22.0,2.6,4.0,2.0,13.91
1669,20.0,Male,75.6,1.74,192,128.0,72.0,1.86,906.0,Cardio,21.4,3.3,4.0,2.0,34.73
1673,47.0,Male,78.8,1.82,167,144.0,66.0,1.66,1163.0,Cardio,31.7,2.8,4.0,2.0,15.78
1676,24.0,Male,80.9,1.74,181,128.0,61.0,1.19,1705.0,HIIT,10.0,2.7,4.0,1.0,12.32
1689,46.0,Male,44.9,1.93,177,154.0,58.0,2.0,1434.0,HIIT,31.4,3.5,4.0,2.0,12.32
1691,24.0,Male,83.4,1.7,162,169.0,51.0,1.87,879.0,Yoga,26.4,3.3,4.0,1.0,21.68
1698,58.0,Male,47.6,1.84,182,155.0,66.0,1.59,635.0,Yoga,11.2,2.6,4.0,3.0,13.65
1701,47.0,Male,45.4,1.81,189,128.0,55.0,1.01,662.0,Strength,28.6,3.6,4.0,1.0,29.15
1704,34.0,Female,73.1,1.73,166,161.0,69.0,1.64,765.0,Yoga,27.0,3.3,4.0,2.0,21.47
1705,36.0,Male,47.2,1.83,,146.0,54.0,1.3,775.0,HIIT,29.9,3.4,4.0,1.0,13.01
1714,40.0,Male,73.8,1.85,185,165.0,59.0,1.99,1485.0,,27.9,2.0,4.0,1.0,22.4
1718,48.0,Male,71.5,1.71,183,151.0,62.0,1.05,,Strength,22.0,2.7,4.0,3.0,20.39
1721,21.0,Male,45.2,1.73,198,156.0,59.0,1.07,1562.0,Cardio,24.2,2.8,4.0,2.0,22.25
1724,33.0,Female,60.7,2.0,188,169.0,74.0,1.42,705.0,Cardio,23.3,3.2,4.0,2.0,21.91
1737,42.0,Female,57.3,1.76,174,131.0,74.0,1.13,841.0,Yoga,22.1,1.9,4.0,3.0,12.46
1783,36.0,Male,80.8,1.91,184,,59.0,0.99,780.0,HIIT,23.6,3.3,4.0,2.0,18.61
1793,20.0,Male,40.0,1.81,176,138.0,66.0,1.44,1210.0,Cardio,23.0,3.6,4.0,2.0,12.32
1798,35.0,Male,49.3,1.71,180,152.0,73.0,1.04,956.0,Cardio,32.9,1.7,4.0,3.0,12.65
1799,40.0,Male,79.5,1.92,184,156.0,52.0,1.29,1178.0,Strength,14.7,1.5,4.0,1.0,23.51
